{
  "canonical_to_screen": [
    [
      82.80666512217455,
      -47.97664220456727,
      661.5000034583977
    ],
    [
      0.04009548808307096,
      83.64237395984959,
      495.998263900851
    ],
    [
      -0.0005011686421898033,
      0.00028704427392526916,
      1.0
    ]
  ],
  "screen_to_canonical": [
    [
      0.01200412341210548,
      0.006924513423741064,
      -11.375274315156512
    ],
    [
      -4.1500376965815096e-05,
      0.011952108565559205,
      -5.900772598965443
    ],
    [
      6.028002676697508e-06,
      3.9564665324443437e-08,
      0.9959928522032045
    ]
  ],
  "capture_bbox": {
    "left": 100,
    "top": 100,
    "right": 1600,
    "bottom": 1000
  }
}